{
    "CAR": {},
    "COM": {
        "coordtype": "COM",
        "cov00": 1.296537828471885e-14,
        "cov01": -1.82864442376401e-14,
        "cov02": -3.913070246563794e-13,
        "cov03": 1.120712306539797e-12,
        "cov04": -2.881538339837703e-12,
        "cov05": -3.536642538141513e-12,
        "cov06": -2.584889032942982e-12,
        "cov07": 2.579230799142271e-14,
        "cov08": 5.579637057625691e-13,
        "cov09": -1.59937982071012e-12,
        "cov10": 4.082989332723966e-12,
        "cov11": 4.989671853116196e-12,
        "cov12": 3.651638022708113e-12,
        "cov13": 7.934191276939542e-11,
        "cov14": -1.770327353598901e-10,
        "cov15": 2.228130449971717e-10,
        "cov16": 1.006215614947142e-10,
        "cov17": 7.225979480283586e-11,
        "cov18": 5.893874148247611e-10,
        "cov19": -7.435122476303103e-10,
        "cov20": -3.22037717488355e-10,
        "cov21": -2.234661202611497e-10,
        "cov22": 1.141846445390814e-09,
        "cov23": 8.099314409350424e-10,
        "cov24": 5.809256195877829e-10,
        "cov25": 9.797539816776478e-10,
        "cov26": 7.294481305676415e-10,
        "cov27": 6.85624573131239e-10,
        "eigval": [
            5.23536e-11,
            1.01433e-08,
            1.80111e-08,
            8.97894e-08,
            5.50017e-07,
            9.41187e-06,
            3.97124e-05
        ],
        "element0": 0.348550373760816,
        "element1": 0.504044729404899,
        "element2": 3.0237698395224,
        "element3": 166.1533134059117,
        "element4": 7.2552145566193,
        "element5": 59140.0762169657,
        "epoch": 59200.0,
        "g": 0.15,
        "h": 23.918,
        "nongrav_model": 1,
        "nongrav_params": 2,
        "nongrav_type": [
            2
        ],
        "nongrav_vals": [
            0.0,
            -0.00284420523316711
        ],
        "nor00": 2.399687875535594e+20,
        "nor01": 1.730815517353377e+20,
        "nor02": -6129755123374496.0,
        "nor03": 3.771856237117151e+16,
        "nor04": 3.370102099418137e+16,
        "nor05": -2.744060387708017e+16,
        "nor06": -3541328454511938.0,
        "nor07": 1.248426470839556e+20,
        "nor08": -4432197656331668.0,
        "nor09": 2.71951831394735e+16,
        "nor10": 2.430111827676866e+16,
        "nor11": -1.981409601117738e+16,
        "nor12": -2552223576392352.0,
        "nor13": 232769373671.2105,
        "nor14": -796835551776.4293,
        "nor15": -715953350152.394,
        "nor16": 684217562314.6204,
        "nor17": 90389844226.93727,
        "nor18": 7420814532094.177,
        "nor19": 6757495224787.822,
        "nor20": -5036691918890.684,
        "nor21": -502291455418.4227,
        "nor22": 6170028191309.788,
        "nor23": -4585846331706.378,
        "nor24": -441746798822.7487,
        "nor25": 3654795470016.371,
        "nor26": 358900258395.4785,
        "nor27": 62573319936.67366,
        "numparams": 7,
        "rms": [
            1.13866e-07,
            1.606e-07,
            8.90741e-06,
            2.42773e-05,
            3.37912e-05,
            3.1301e-05,
            2.61844e-05
        ],
        "timesystem": "TDT",
        "wea": [
            0.00277,
            -0.00392,
            -0.00137,
            0.00433,
            -0.01101,
            -0.77378,
            -0.63333
        ]
    },
    "COT": {},
    "EQU": {
        "coordtype": "EQU",
        "cov00": 6.08095979811091e-18,
        "cov01": 2.339854516414544e-16,
        "cov02": 3.517408296981974e-16,
        "cov03": 6.448335082942407e-18,
        "cov04": -1.331751010197963e-17,
        "cov05": 6.878380208718003e-14,
        "cov06": -3.744148104106994e-14,
        "cov07": 1.400764864531963e-14,
        "cov08": 2.048715508921477e-14,
        "cov09": -1.222601831014193e-15,
        "cov10": 2.720929764437856e-15,
        "cov11": 4.275503828787757e-12,
        "cov12": -2.704701473639628e-12,
        "cov13": 3.068437216743709e-14,
        "cov14": -2.035264250371791e-15,
        "cov15": 4.89933982575908e-15,
        "cov16": 6.327194229206946e-12,
        "cov17": -3.988473155094073e-12,
        "cov18": 7.954335801035979e-16,
        "cov19": -2.007507323850667e-15,
        "cov20": -4.295263618137608e-13,
        "cov21": 2.509687889937367e-13,
        "cov22": 5.380288706557394e-15,
        "cov23": 9.995370624982313e-13,
        "cov24": -5.880509157541573e-13,
        "cov25": 1.324031734512201e-09,
        "cov26": -8.548218936924685e-10,
        "cov27": 6.85624573131239e-10,
        "eigval": [
            1.26001e-10,
            4.73719e-09,
            1.07746e-08,
            1.89433e-08,
            7.25711e-08,
            2.98769e-07,
            2.61913e-05
        ],
        "element0": 0.7027859051534777,
        "element1": 0.057858938935226,
        "element2": -0.500712924165282,
        "element3": 0.006316615288838,
        "element4": -0.025626490161575,
        "element5": 273.6549157601722,
        "epoch": 59200.0,
        "g": 0.15,
        "h": 23.918,
        "nongrav_model": 1,
        "nongrav_params": 2,
        "nongrav_type": [
            2
        ],
        "nongrav_vals": [
            0.0,
            -0.00284420523316711
        ],
        "nor00": 6.256653686327861e+19,
        "nor01": -7.431790093005823e+17,
        "nor02": -2.368147579520162e+18,
        "nor03": -4.406976031914884e+18,
        "nor04": -7.173995927941151e+17,
        "nor05": 8414592864430604.0,
        "nor06": -1802243526747920.0,
        "nor07": 1.87783933277709e+16,
        "nor08": 2.62821973133706e+16,
        "nor09": 5.915777908171395e+16,
        "nor10": 1.217643822306986e+16,
        "nor11": -125762839269071.0,
        "nor12": 18375719462558.84,
        "nor13": 9.358751230334566e+16,
        "nor14": 1.600477632192806e+17,
        "nor15": 2.441542473109758e+16,
        "nor16": -332990350767486.1,
        "nor17": 65973281414376.81,
        "nor18": 3.464992030507681e+17,
        "nor19": 6.454929987292891e+16,
        "nor20": -579245379730658.9,
        "nor21": 130089834074097.0,
        "nor22": 1.40069845180312e+16,
        "nor23": -94539609549789.22,
        "nor24": 21405046183376.53,
        "nor25": 1305942509283.212,
        "nor26": -214538016656.2158,
        "nor27": 62573319936.67366,
        "numparams": 7,
        "rms": [
            2.46596e-09,
            1.18354e-07,
            1.7517e-07,
            2.82034e-08,
            7.33505e-08,
            3.63872e-05,
            2.61844e-05
        ],
        "timesystem": "TDT",
        "wea": [
            5e-05,
            0.00394,
            0.00582,
            -0.00037,
            0.00086,
            0.02176,
            -0.99974
        ]
    },
    "KEP": {},
    "eph": "",
    "format": "'OEF2.0'",
    "name": "1998SD9",
    "rectype": "'ML'",
    "refsys": "ECLM J2000"
}