{
    "CAR": {
        "coordtype": "CAR",
        "cov00": 4.61543385753847e-12,
        "cov01": -1.110303353272956e-11,
        "cov02": -1.117058610136056e-12,
        "cov03": 8.635073838067637e-16,
        "cov04": -4.325464995228913e-15,
        "cov05": -6.683859779209557e-16,
        "cov06": 4.059563399057473e-11,
        "cov07": 4.409868906907151e-12,
        "cov08": -2.528967225469305e-15,
        "cov09": 1.529056292216793e-14,
        "cov10": 2.35745226342258e-15,
        "cov11": 1.655640962093195e-12,
        "cov12": -2.720533462964197e-16,
        "cov13": 1.669290483642606e-15,
        "cov14": 4.005838492513006e-16,
        "cov15": 4.122404772167541e-19,
        "cov16": -1.068491585121945e-18,
        "cov17": -2.278319515132981e-19,
        "cov18": 5.879307931288711e-18,
        "cov19": 7.906818904812777e-19,
        "cov20": 5.004291664381621e-19,
        "eigval": [
            7.13978e-11,
            5.36247e-10,
            6.2856e-10,
            1.05921e-06,
            1.23007e-06,
            6.65069e-06
        ],
        "element0": 7.96253836772459,
        "element1": -14.5219791035955,
        "element2": -0.212003819990827,
        "element3": 0.00361247867886134,
        "element4": 0.00119230364600962,
        "element5": 0.00160534413330859,
        "epoch": 59200.0,
        "g": 0.15,
        "h": 6.541,
        "nongrav_model": 0,
        "nongrav_params": 0,
        "nongrav_type": "",
        "nongrav_vals": [],
        "nor00": 889682796408.827,
        "nor01": -1622676221007.878,
        "nor02": -368753429275.6569,
        "nor03": 2413001862966566.0,
        "nor04": 5133461042849282.0,
        "nor05": 2115332631319934.0,
        "nor06": 15892721843780.87,
        "nor07": 2760814907555.083,
        "nor08": -2.542771705143143e+16,
        "nor09": -4.535481504018685e+16,
        "nor10": -1.916127420456775e+16,
        "nor11": 1416570196244.337,
        "nor12": -4714317160215487.0,
        "nor13": -8195379348124870.0,
        "nor14": -3829809066106140.0,
        "nor15": 4.583726197127535e+19,
        "nor16": 7.329170408835903e+19,
        "nor17": 3.185005153937995e+19,
        "nor18": 1.301868847270207e+20,
        "nor19": 5.474833010544379e+19,
        "nor20": 2.615305960948248e+19,
        "numparams": 6,
        "rms": [
            2.14836e-06,
            6.37147e-06,
            1.28672e-06,
            6.4206e-10,
            2.42473e-09,
            7.0741e-10
        ],
        "timesystem": "TDT",
        "wea": [
            0.27112,
            -0.95667,
            -0.1062,
            6e-05,
            -0.00036,
            -6e-05
        ]
    },
    "COM": {
        "coordtype": "COM",
        "cov00": 1.612469894680934e-12,
        "cov01": 1.720671322372789e-13,
        "cov02": 2.651888743774002e-13,
        "cov03": -2.941788400789614e-13,
        "cov04": 8.342750536030273e-11,
        "cov05": 4.166481622430971e-09,
        "cov06": 1.868730031930547e-13,
        "cov07": 1.381960510572463e-14,
        "cov08": -4.282454784038906e-14,
        "cov09": 2.965481153707152e-11,
        "cov10": 1.419291991237661e-09,
        "cov11": 7.924931173425798e-11,
        "cov12": -1.664783653689653e-11,
        "cov13": 2.52079207595827e-11,
        "cov14": 4.62575622387322e-10,
        "cov15": 8.779096770741941e-11,
        "cov16": -9.242877040081382e-11,
        "cov17": -5.412037128358808e-10,
        "cov18": 7.377510560248127e-09,
        "cov19": 3.607637175789006e-07,
        "cov20": 1.791091479956181e-05,
        "eigval": [
            4.05219e-08,
            1.48624e-07,
            1.78359e-07,
            2.49551e-07,
            8.27355e-07,
            0.00423213
        ],
        "element0": 13.1683174569656,
        "element1": 0.168597932577855,
        "element2": 23.3498339994083,
        "element3": 300.4355710579049,
        "element4": 243.2754171935957,
        "element5": 53032.0744160882,
        "epoch": 59200.0,
        "g": 0.15,
        "h": 6.541,
        "nongrav_model": 0,
        "nongrav_params": 0,
        "nongrav_type": "",
        "nongrav_vals": [],
        "nor00": 5688387594286.397,
        "nor01": 18706520056446.23,
        "nor02": -1112765074.268412,
        "nor03": -418009042193.5092,
        "nor04": -461538150218.9538,
        "nor05": 6478168781.18257,
        "nor06": 85291275601249.12,
        "nor07": 7643100948.07178,
        "nor08": -2041444609263.845,
        "nor09": -2237972022145.288,
        "nor10": 33905422699.52542,
        "nor11": 13149713577.61738,
        "nor12": 2103011555.227246,
        "nor13": -416443644.8544387,
        "nor14": 7765192.5110405,
        "nor15": 85709307999.08023,
        "nor16": 80442990708.69547,
        "nor17": -1358750587.725535,
        "nor18": 87642652071.93408,
        "nor19": -1478162037.267276,
        "nor20": 25594193.1473728,
        "numparams": 6,
        "rms": [
            1.26983e-06,
            4.32288e-07,
            8.90221e-06,
            9.36968e-06,
            8.58924e-05,
            0.00423213
        ],
        "timesystem": "TDT",
        "wea": [
            0.00023,
            8e-05,
            0.0,
            -0.0,
            0.00035,
            1.0
        ]
    },
    "COT": {
        "coordtype": "COT",
        "cov00": 1.612469894680934e-12,
        "cov01": 1.720671322372789e-13,
        "cov02": 2.651888743774002e-13,
        "cov03": -2.941788400789614e-13,
        "cov04": 8.342750536030273e-11,
        "cov05": -8.391426518707961e-11,
        "cov06": 1.868730031930547e-13,
        "cov07": 1.381960510572463e-14,
        "cov08": -4.282454784038906e-14,
        "cov09": 2.965481153707152e-11,
        "cov10": -3.172773640098537e-11,
        "cov11": 7.924931173425798e-11,
        "cov12": -1.664783653689653e-11,
        "cov13": 2.52079207595827e-11,
        "cov14": -9.886302369797643e-12,
        "cov15": 8.779096770741941e-11,
        "cov16": -9.242877040081382e-11,
        "cov17": 1.283689803974124e-11,
        "cov18": 7.377510560248127e-09,
        "cov19": -7.500779169481364e-09,
        "cov20": 7.74403362005622e-09,
        "eigval": [
            2.99862e-08,
            1.26371e-07,
            1.51377e-07,
            2.12637e-07,
            7.89499e-07,
            2.39754e-06
        ],
        "element0": 13.1683174569656,
        "element1": 0.168597932577855,
        "element2": 23.3498339994083,
        "element3": 300.4355710579049,
        "element4": 243.2754171935957,
        "element5": 114.8739133298088,
        "epoch": 59200.0,
        "g": 0.15,
        "h": 6.541,
        "nongrav_model": 0,
        "nongrav_params": 0,
        "nongrav_type": "",
        "nongrav_vals": [],
        "nor00": 9219455745774.666,
        "nor01": 38656778456500.3,
        "nor02": -6568488219.1616,
        "nor03": 536631427962.5013,
        "nor04": 576999249485.6636,
        "nor05": 816257595434.7222,
        "nor06": 197814780136965.6,
        "nor07": -21902869577.5636,
        "nor08": 3128498667680.093,
        "nor09": 3386322793870.922,
        "nor10": 4504080791352.413,
        "nor11": 13149713577.61738,
        "nor12": 2103011555.227259,
        "nor13": -416443644.8544229,
        "nor14": -550974396.6795034,
        "nor15": 85709307999.08029,
        "nor16": 80442990708.6955,
        "nor17": 96409301410.83015,
        "nor18": 87642652071.93408,
        "nor19": 104882066416.2494,
        "nor20": 128854569713.1403,
        "numparams": 6,
        "rms": [
            1.26983e-06,
            4.32288e-07,
            8.90221e-06,
            9.36968e-06,
            8.58924e-05,
            8.80002e-05
        ],
        "timesystem": "TDT",
        "wea": [
            0.44717,
            0.13433,
            0.00153,
            -0.0039,
            0.61842,
            -0.63209
        ]
    },
    "EQU": {
        "coordtype": "EQU",
        "cov00": 7.80389516238214e-11,